Account_Name__c,Account_Number__c,Account_Status__c,Account_Type__c,Account_Value__c,Contact__c,Date_Updated__c,Institution__c,Jemstep_Account_Id__c,Jemstep_Id__c
Kotak,12345,OK,Saving,1230000,,,Govt,Account_PE_123,Account_PE_123
Kotak,12346,OK,Saving,1230001,,,Govt,Account_PE_123,Account_PE_123
Kotak,12347,OK,Saving,1230002,,,Govt,Account_PE_123,Account_PE_123
Kotak,12348,OK,Saving,1230003,,,Govt,Account_PE_123,Account_PE_123
Kotak,12349,OK,Saving,1230004,,,Govt,Account_PE_123,Account_PE_123
Kotak,12350,OK,Saving,1230005,,,Govt,Account_PE_123,Account_PE_123
Kotak,12351,OK,Saving,1230006,,,Govt,Account_PE_123,Account_PE_123
Kotak,12352,OK,Saving,1230007,,,Govt,Account_PE_123,Account_PE_123
Kotak,12353,OK,Saving,1230008,,,Govt,Account_PE_123,Account_PE_123
Kotak,12354,OK,Saving,1230009,,,Govt,Account_PE_123,Account_PE_123
