Answer__c,Full_Question__c,Jemstep_Id__c,Jemstep_Questionaire_Detail_Id__c,Question__c,Questionnaire_Type__c,Last_Reviewed_Modified__c
Male,What is your gender,jem123,jem_QD_1223,What is your gender,QT_1232,
Male,What is your gender,jem124,jem_QD_1224,What is your gender,QT_1233,
Male,What is your gender,jem125,jem_QD_1225,What is your gender,QT_1234,
Male,What is your gender,jem126,jem_QD_1226,What is your gender,QT_1235,
Male,What is your gender,jem127,jem_QD_1227,What is your gender,QT_1236,
Male,What is your gender,jem128,jem_QD_1228,What is your gender,QT_1237,
Male,What is your gender,jem129,jem_QD_1229,What is your gender,QT_1238,
Male,What is your gender,jem130,jem_QD_1230,What is your gender,QT_1239,
Male,What is your gender,jem131,jem_QD_1231,What is your gender,QT_1240,
